model_name,total_errors,schema_hallucinations,hallucination_rate
deepseek-coder:6.7b,287,129,44.94773519163763
gemma4:e4b,228,119,52.19298245614035
gpt-oss-120b,2096,44,2.099236641221374
llama-3.3-70b,697,595,85.36585365853658
llama3.2:3b,643,495,76.98289269051321
qwen2.5-coder:7b,202,150,74.25742574257426
